{
    "name": "AgIsoStack++",
    "version": "1.0.0",
    "description": "The Free ISO11783 & J1939 CAN Stack",
    "keywords": "can, isobus, j1939, agritech, smart-farming, iso11783",
    "repository": {
        "type": "git",
        "url": "https://github.com/Open-Agriculture/AgIsoStack-plus-plus.git"
    },
    "license": "MIT",
    "homepage": "https://isobusplusplus.com/",
    "export": {
        "include": [
            "isobus/*",
            "utility/*",
            "hardware_integration/*"
        ]
    },
    "build": {
        "flags": [
            "-Ihardware_integration/include",
            "-Iisobus/include",
            "-Iutility/include"
        ],
        "srcFilter": [
            "+<isobus/src/*>",
            "+<utility/src/*>",
            "+<hardware_integration/src/can_hardware_interface.cpp>",
            "+<hardware_integration/src/twai_plugin.cpp>",
            "+<hardware_integration/src/mcp2515_can_interface.cpp>",
            "+<hardware_integration/src/spi_interface_esp.cpp>",
            "+<hardware_integration/src/spi_transaction_frame.cpp>"
        ]
    }
}